Date Issued :11-30-2023,Invoice FINV-041200007696-23,Customer C901700
===============
Balance from last bill,0.000
New charges,73.000
Payments and Adjustments,0.000
Amount Due,73.00
===============
300
York St
---

===============
Internet,73.00
Phone,73.00
TV,73.00
===============
Internet,
"Monthly Charges (Feb. 1 - Feb. 28, 2022)",$100.00
1000 Fibre Internet,
"859 Viscount Rd., London, ON",
Start.ca Credit,cr. $5.00
Other Charges and Credits,
Modem Purchase,$110.00
"Prorated Charges (Jan. 15 - Jan. 31, 2022)",$20.00
Installation Charges,$25.00
Service Credit ,cr. $25.00
Phone,
"Monthly Charges (Feb. 1 - Feb. 28, 2022)",$25
World Plan,
Long Distance Charges,$1.72
===============
Internet1,
"Monthly Charges (Feb. 1 - Feb. 28, 2022)",$100.00
1000 Fibre Internet,
"859 Viscount Rd., London, ON",
Start.ca Credit,cr. $5.00
Other Charges and Credits1,
Modem Purchase,$110.00
"Prorated Charges (Jan. 15 - Jan. 31, 2022)",$20.00
Installation Charges,$25.00
Service Credit ,cr. $25.00
Phone1,
"Monthly Charges (Feb. 1 - Feb. 28, 2022)1",$25
World Plan,
Long Distance Charges,$1.72
===============
Long Distance Charges,
X-XXX-XXX-XXXX,$1.72